"Journal Data Filtered By:  Selected Categories: COMPUTER SCIENCE, INFORMATION SYSTEMS Selected Editions: SCIE;SSCI;AHCI;ESCI Selected JCR Year: 2025 Selected Category Schema: WOS Selected Open Access: N Indicator: Default"

Journal name,JCR Abbreviation,Publisher,ISSN,eISSN,Category,Edition,Total Citations,2025 JIF,JIF Quartile,2025 JCI,% of Citable OA
"IEEE Communications Surveys and Tutorials","IEEE COMMUN SURV TUT","IEEE-INST ELECTRICAL ELECTRONICS ENGINEERS INC","N/A","1553-877X","COMPUTER SCIENCE, INFORMATION SYSTEMS","SCIE","37,232","50.6","Q1","10.71","13.13"%,
"Computer Science Review","COMPUT SCI REV","ELSEVIER","1574-0137","1876-7745","COMPUTER SCIENCE, INFORMATION SYSTEMS","SCIE","6,498","17.5","Q1","1.79","28.1"%,
"International Journal of Network Dynamics and Intelligence","INT J NETW DYN INTEL","Scilight Press Pty Ltd","N/A","2653-6226","COMPUTER SCIENCE, INFORMATION SYSTEMS","ESCI","927","15.3","Q1","2.9","98.73"%,
"IEEE WIRELESS COMMUNICATIONS","IEEE WIREL COMMUN","IEEE-INST ELECTRICAL ELECTRONICS ENGINEERS INC","1536-1284","1558-0687","COMPUTER SCIENCE, INFORMATION SYSTEMS","SCIE","13,799","13.4","Q1","2.91","2.02"%,
"Business & Information Systems Engineering","BUS INFORM SYST ENG+","SPRINGER VIEWEG-SPRINGER FACHMEDIEN WIESBADEN GMBH","2363-7005","1867-0202","COMPUTER SCIENCE, INFORMATION SYSTEMS","SCIE","4,780","12.2","Q1","1.11","80.85"%,
"IEEE TRANSACTIONS ON KNOWLEDGE AND DATA ENGINEERING","IEEE T KNOWL DATA EN","IEEE COMPUTER SOC","1041-4347","1558-2191","COMPUTER SCIENCE, INFORMATION SYSTEMS","SCIE","40,205","11.6","Q1","2.4","2.38"%,
"ACM TRANSACTIONS ON INFORMATION SYSTEMS","ACM T INFORM SYST","ASSOC COMPUTING MACHINERY","1046-8188","1558-2868","COMPUTER SCIENCE, INFORMATION SYSTEMS","SCIE","7,065","11.2","Q1","2.28","10.31"%,
"Patterns","PATTERNS","CELL PRESS","2666-3899","2666-3899","COMPUTER SCIENCE, INFORMATION SYSTEMS","ESCI","5,672","10.8","Q1","1.45","100"%,
"ACM Transactions on Intelligent Systems and Technology","ACM T INTEL SYST TEC","ASSOC COMPUTING MACHINERY","2157-6904","2157-6912","COMPUTER SCIENCE, INFORMATION SYSTEMS","SCIE","8,315","10.7","Q1","1.96","14.36"%,
"IEEE TRANSACTIONS ON MULTIMEDIA","IEEE T MULTIMEDIA","IEEE-INST ELECTRICAL ELECTRONICS ENGINEERS INC","1520-9210","1941-0077","COMPUTER SCIENCE, INFORMATION SYSTEMS","SCIE","30,503","9.9","Q1","2.41","1.39"%,
"ACM Transactions on Computer-Human Interaction","ACM T COMPUT-HUM INT","ASSOC COMPUTING MACHINERY","1073-0516","1557-7325","COMPUTER SCIENCE, INFORMATION SYSTEMS","SCIE","5,879","9.6","Q1","1.77","36.51"%,
"JOURNAL OF STRATEGIC INFORMATION SYSTEMS","J STRATEGIC INF SYST","ELSEVIER","0963-8687","1873-1198","COMPUTER SCIENCE, INFORMATION SYSTEMS","SCIE","4,860","9.1","Q1","2.21","61.97"%,
"High-Confidence Computing","HIGH-CONFID COMPUT","ELSEVIER","N/A","2667-2952","COMPUTER SCIENCE, INFORMATION SYSTEMS","ESCI","1,094","9","Q1","1.16","99.33"%,
"IEEE TRANSACTIONS ON MOBILE COMPUTING","IEEE T MOBILE COMPUT","IEEE COMPUTER SOC","1536-1233","1558-0660","COMPUTER SCIENCE, INFORMATION SYSTEMS","SCIE","24,015","8.8","Q1","2.17","2.21"%,
"IEEE NETWORK","IEEE NETWORK","IEEE-INST ELECTRICAL ELECTRONICS ENGINEERS INC","0890-8044","1558-156X","COMPUTER SCIENCE, INFORMATION SYSTEMS","SCIE","12,512","8.8","Q1","1.76","2.31"%,
"IEEE Internet of Things Journal","IEEE INTERNET THINGS","IEEE-INST ELECTRICAL ELECTRONICS ENGINEERS INC","2327-4662","2327-4662","COMPUTER SCIENCE, INFORMATION SYSTEMS","SCIE","98,906","8.7","Q1","1.93","2.77"%,
"JOURNAL OF INFORMATION TECHNOLOGY","J INF TECHNOL-UK","SAGE PUBLICATIONS LTD","0268-3962","1466-4437","COMPUTER SCIENCE, INFORMATION SYSTEMS","SCIE","2,866","8.7","Q1","1.45","53.85"%,
"EUROPEAN JOURNAL OF INFORMATION SYSTEMS","EUR J INFORM SYST","TAYLOR & FRANCIS LTD","0960-085X","1476-9344","COMPUTER SCIENCE, INFORMATION SYSTEMS","SCIE","6,988","8.1","Q1","2.08","30.77"%,
"INFORMATION PROCESSING & MANAGEMENT","INFORM PROCESS MANAG","ELSEVIER SCI LTD","0306-4573","1873-5371","COMPUTER SCIENCE, INFORMATION SYSTEMS","SCIE","17,694","8.1","Q1","2.06","14.71"%,
"IEEE Transactions on Big Data","IEEE T BIG DATA","IEEE-INST ELECTRICAL ELECTRONICS ENGINEERS INC","2332-7790","2332-7790","COMPUTER SCIENCE, INFORMATION SYSTEMS","SCIE","4,177","8.1","Q1","1.85","4.09"%,
"Science China-Information Sciences","SCI CHINA INFORM SCI","SCIENCE PRESS","1674-733X","1869-1919","COMPUTER SCIENCE, INFORMATION SYSTEMS","SCIE","10,460","8.1","Q1","1.37","2.69"%,
"Journal of Cheminformatics","J CHEMINFORMATICS","BMC","1758-2946","1758-2946","COMPUTER SCIENCE, INFORMATION SYSTEMS","SCIE","13,430","7.9","Q1","1.34","100"%,
"IEEE Journal of Biomedical and Health Informatics","IEEE J BIOMED HEALTH","IEEE-INST ELECTRICAL ELECTRONICS ENGINEERS INC","2168-2194","2168-2208","COMPUTER SCIENCE, INFORMATION SYSTEMS","SCIE","27,151","7.7","Q1","1.77","6.35"%,
"Journal of the Association for Information Systems","J ASSOC INF SYST","ASSOC INFORMATION SYSTEMS","1536-9323","1558-3457","COMPUTER SCIENCE, INFORMATION SYSTEMS","SCIE","6,987","7.5","Q1","1.68","0.57"%,
"DECISION SUPPORT SYSTEMS","DECIS SUPPORT SYST","ELSEVIER","0167-9236","1873-5797","COMPUTER SCIENCE, INFORMATION SYSTEMS","SCIE","14,693","7.5","Q1","1.32","20.96"%,
"IEEE Transactions on Industrial Cyber-Physical Systems","IEEE T IND CYBER-PHY","IEEE-INST ELECTRICAL ELECTRONICS ENGINEERS INC","N/A","2832-7004","COMPUTER SCIENCE, INFORMATION SYSTEMS","ESCI","732","7.4","Q1","1.52","17.33"%,
"MIS QUARTERLY","MIS QUART","SOC INFORM MANAGE-MIS RES CENT","0276-7783","N/A","COMPUTER SCIENCE, INFORMATION SYSTEMS","SCIE","34,974","7.3","Q1","1.46","20.51"%,
"Frontiers of Computer Science","FRONT COMPUT SCI-CHI","HIGHER EDUCATION PRESS","2095-2228","2095-2236","COMPUTER SCIENCE, INFORMATION SYSTEMS","SCIE","3,694","7.3","Q1","1.2","12.38"%,
"JOURNAL OF MANAGEMENT INFORMATION SYSTEMS","J MANAGE INFORM SYST","ROUTLEDGE JOURNALS, TAYLOR & FRANCIS LTD","0742-1222","1557-928X","COMPUTER SCIENCE, INFORMATION SYSTEMS","SCIE","9,506","7.2","Q1","1.71","10.66"%,
"Internet Research","INTERNET RES","EMERALD GROUP PUBLISHING LTD","1066-2243","1066-2243","COMPUTER SCIENCE, INFORMATION SYSTEMS","SCIE","8,130","7.2","Q1","1.32","7.72"%,
"JOURNAL OF THE AMERICAN MEDICAL INFORMATICS ASSOCIATION","J AM MED INFORM ASSN","OXFORD UNIV PRESS","1067-5027","1527-974X","COMPUTER SCIENCE, INFORMATION SYSTEMS","SCIE","18,887","7.1","Q1","1.48","38.63"%,
"Internet of Things","INTERNET THINGS-NETH","ELSEVIER","2543-1536","2542-6605","COMPUTER SCIENCE, INFORMATION SYSTEMS","SCIE","9,292","7.1","Q1","1.31","37"%,
"INFORMATION & MANAGEMENT","INFORM MANAGE-AMSTER","ELSEVIER","0378-7206","1872-7530","COMPUTER SCIENCE, INFORMATION SYSTEMS","SCIE","15,241","7","Q1","1.95","22.25"%,
"ACM Transactions on Knowledge Discovery from Data","ACM T KNOWL DISCOV D","ASSOC COMPUTING MACHINERY","1556-4681","1556-472X","COMPUTER SCIENCE, INFORMATION SYSTEMS","SCIE","5,904","6.9","Q1","1.58","12.93"%,
"IEEE Transactions on Dependable and Secure Computing","IEEE T DEPEND SECURE","IEEE COMPUTER SOC","1545-5971","1941-0018","COMPUTER SCIENCE, INFORMATION SYSTEMS","SCIE","12,221","6.8","Q1","1.78","4.52"%,
"COMPUTERS & SECURITY","COMPUT SECUR","ELSEVIER ADVANCED TECHNOLOGY","0167-4048","1872-6208","COMPUTER SCIENCE, INFORMATION SYSTEMS","SCIE","18,444","6.8","Q1","1.39","28.82"%,
"Electronic Commerce Research and Applications","ELECTRON COMMER R A","ELSEVIER","1567-4223","1873-7846","COMPUTER SCIENCE, INFORMATION SYSTEMS","SCIE","6,219","6.8","Q1","1.27","12.9"%,
"Frontiers in Artificial Intelligence","FRONT ARTIF INTELL","FRONTIERS MEDIA SA","N/A","2624-8212","COMPUTER SCIENCE, INFORMATION SYSTEMS","ESCI","7,520","6.7","Q1","0.74","100"%,
"JOURNAL OF COMPUTER INFORMATION SYSTEMS","J COMPUT INFORM SYST","TAYLOR & FRANCIS INC","0887-4417","2380-2057","COMPUTER SCIENCE, INFORMATION SYSTEMS","SCIE","3,653","6.6","Q1","0.93","8.1"%,
"Blockchain-Research and Applications","BLOCKCHAIN-RES APPL","ELSEVIER","2096-7209","2096-7209","COMPUTER SCIENCE, INFORMATION SYSTEMS","ESCI","1,172","6.5","Q1","1.49","100"%,
"Journal of King Saud University Computer and Information Sciences","J KING SAUD UNIV COM","SPRINGERNATURE","1319-1578","2213-1248","COMPUTER SCIENCE, INFORMATION SYSTEMS","SCIE","11,333","6.4","Q1","1.47","99.73"%,
"Journal of Chemical Information and Modeling","J CHEM INF MODEL","AMER CHEMICAL SOC","1549-9596","1549-960X","COMPUTER SCIENCE, INFORMATION SYSTEMS","SCIE","46,598","6.4","Q1","1.17","30.5"%,
"INFORMATION SYSTEMS FRONTIERS","INFORM SYST FRONT","SPRINGER","1387-3326","1572-9419","COMPUTER SCIENCE, INFORMATION SYSTEMS","SCIE","7,885","6.2","Q1","1.84","43.05"%,
"IEEE Transactions on Services Computing","IEEE T SERV COMPUT","IEEE COMPUTER SOC","1939-1374","1939-1374","COMPUTER SCIENCE, INFORMATION SYSTEMS","SCIE","8,505","6.2","Q1","1.62","2.27"%,
"Sustainable Computing-Informatics & Systems","SUSTAIN COMPUT-INFOR","ELSEVIER","2210-5379","2210-5387","COMPUTER SCIENCE, INFORMATION SYSTEMS","SCIE","3,386","6.2","Q1","1.27","10.51"%,
"Proceedings of the ACM on Interactive Mobile Wearable and Ubiquitous Technologies-IMWUT","PROC ACM INTERACT MO","ASSOC COMPUTING MACHINERY","N/A","2474-9567","COMPUTER SCIENCE, INFORMATION SYSTEMS","ESCI","9,468","6.2","Q1","1.1","38.69"%,
"Big Data Mining and Analytics","BIG DATA MIN ANAL","TSINGHUA UNIV PRESS","N/A","2096-0654","COMPUTER SCIENCE, INFORMATION SYSTEMS","ESCI","1,480","6.1","Q1","1.16","100"%,
"Machine Learning with Applications","MACH LEARN APPL-NETH","ELSEVIER","N/A","2666-8270","COMPUTER SCIENCE, INFORMATION SYSTEMS","ESCI","3,314","6.1","Q1","1.16","100"%,
"INFORMATION SCIENCES","INFORM SCIENCES","ELSEVIER SCIENCE INC","0020-0255","1872-6291","COMPUTER SCIENCE, INFORMATION SYSTEMS","SCIE","62,278","6","Q1","1.54","10.02"%,
"IEEE Open Journal of the Computer Society","IEEE OPEN J COMP SOC","IEEE-INST ELECTRICAL ELECTRONICS ENGINEERS INC","N/A","2644-1268","COMPUTER SCIENCE, INFORMATION SYSTEMS","ESCI","1,217","6","Q1","1.35","100"%,
"INTERNATIONAL JOURNAL OF GEOGRAPHICAL INFORMATION SCIENCE","INT J GEOGR INF SCI","TAYLOR & FRANCIS LTD","1365-8816","1362-3087","COMPUTER SCIENCE, INFORMATION SYSTEMS","SCIE","10,121","5.9","Q1","1.5","14.17"%,
"IEEE Internet of Things Magazine","IEEE INT THINGS MAG","IEEE-INST ELECTRICAL ELECTRONICS ENGINEERS INC","2576-3180","2576-3199","COMPUTER SCIENCE, INFORMATION SYSTEMS","ESCI","1,992","5.8","Q1","1.23","2.97"%,
"IEEE Transactions on Network and Service Management","IEEE T NETW SERV MAN","IEEE-INST ELECTRICAL ELECTRONICS ENGINEERS INC","1932-4537","1932-4537","COMPUTER SCIENCE, INFORMATION SYSTEMS","SCIE","10,986","5.7","Q1","1.27","8"%,
"ACM Transactions on Multimedia Computing Communications and Applications","ACM T MULTIM COMPUT","ASSOC COMPUTING MACHINERY","1551-6857","1551-6865","COMPUTER SCIENCE, INFORMATION SYSTEMS","SCIE","6,820","5.6","Q1","1.36","5.98"%,
"Cluster Computing-The Journal of Networks Software Tools and Applications","CLUSTER COMPUT","SPRINGER","1386-7857","1573-7543","COMPUTER SCIENCE, INFORMATION SYSTEMS","SCIE","11,080","5.5","Q1","1.12","9.98"%,
"Journal of Cloud Computing-Advances Systems and Applications","J CLOUD COMPUT-ADV S","SPRINGER","N/A","2192-113X","COMPUTER SCIENCE, INFORMATION SYSTEMS","SCIE","3,282","5.5","Q1","1.09","100"%,
"DATA MINING AND KNOWLEDGE DISCOVERY","DATA MIN KNOWL DISC","SPRINGER","1384-5810","1573-756X","COMPUTER SCIENCE, INFORMATION SYSTEMS","SCIE","6,784","5.5","Q1","0.98","47.37"%,
"Intelligent Systems with Applications","INTELL SYST APPL","ELSEVIER","N/A","2667-3053","COMPUTER SCIENCE, INFORMATION SYSTEMS","ESCI","2,543","5.5","Q1","0.96","100"%,
"Optical Switching and Networking","OPT SWITCH NETW","ELSEVIER","1573-4277","1872-9770","COMPUTER SCIENCE, INFORMATION SYSTEMS","SCIE","554","5.5","Q1","0.54","17.5"%,
"TSINGHUA SCIENCE AND TECHNOLOGY","TSINGHUA SCI TECHNOL","TSINGHUA UNIV PRESS","1007-0214","1878-7606","COMPUTER SCIENCE, INFORMATION SYSTEMS","SCIE","3,369","5.4","Q1","1.38","100"%,
"Ad Hoc Networks","AD HOC NETW","ELSEVIER","1570-8705","1570-8713","COMPUTER SCIENCE, INFORMATION SYSTEMS","SCIE","6,823","5.4","Q1","1.15","15.83"%,
"IEEE Transactions on Cloud Computing","IEEE T CLOUD COMPUT","IEEE-INST ELECTRICAL ELECTRONICS ENGINEERS INC","2168-7161","2168-7161","COMPUTER SCIENCE, INFORMATION SYSTEMS","SCIE","4,717","5.3","Q1","1.4","2.11"%,
"IEEE Transactions on Control of Network Systems","IEEE T CONTROL NETW","IEEE-INST ELECTRICAL ELECTRONICS ENGINEERS INC","2325-5870","2372-2533","COMPUTER SCIENCE, INFORMATION SYSTEMS","SCIE","6,830","5.3","Q1","1.1","3.65"%,
"IEEE Transactions on Sustainable Computing","IEEE T SUST COMPUT","IEEE-INST ELECTRICAL ELECTRONICS ENGINEERS INC","2377-3782","2377-3782","COMPUTER SCIENCE, INFORMATION SYSTEMS","SCIE","1,773","5.3","Q1","1.04","2.16"%,
"VLDB JOURNAL","VLDB J","SPRINGER","1066-8888","0949-877X","COMPUTER SCIENCE, INFORMATION SYSTEMS","SCIE","2,842","5.3","Q1","0.96","33.91"%,
"Big Data and Cognitive Computing","BIG DATA COGN COMPUT","MDPI","N/A","2504-2289","COMPUTER SCIENCE, INFORMATION SYSTEMS","ESCI","3,803","5.3","Q1","0.91","100"%,
"ACM Transactions on Management Information Systems","ACM TRANS MANAG INF","ASSOC COMPUTING MACHINERY","2158-656X","2158-6578","COMPUTER SCIENCE, INFORMATION SYSTEMS","ESCI","1,345","5.2","Q2","0.94","23.46"%,
"ACM Transactions on Autonomous and Adaptive Systems","ACM T AUTON ADAP SYS","ASSOC COMPUTING MACHINERY","1556-4665","1556-4703","COMPUTER SCIENCE, INFORMATION SYSTEMS","SCIE","584","5.2","Q2","0.83","25.37"%,
"IEEE Wireless Communications Letters","IEEE WIREL COMMUN LE","IEEE-INST ELECTRICAL ELECTRONICS ENGINEERS INC","2162-2337","2162-2345","COMPUTER SCIENCE, INFORMATION SYSTEMS","SCIE","19,549","5.1","Q2","1.18","3.64"%,
"Journal of Organizational and End User Computing","J ORGAN END USER COM","IGI GLOBAL","1546-2234","1546-5012","COMPUTER SCIENCE, INFORMATION SYSTEMS","SCIE","1,591","5.1","Q2","1.15","100"%,
"Journal of Optical Communications and Networking","J OPT COMMUN NETW","Optica Publishing Group","1943-0620","1943-0639","COMPUTER SCIENCE, INFORMATION SYSTEMS","SCIE","4,800","5.1","Q2","1.14","2.4"%,
"ACM Transactions on Internet Technology","ACM T INTERNET TECHN","ASSOC COMPUTING MACHINERY","1533-5399","1557-6051","COMPUTER SCIENCE, INFORMATION SYSTEMS","SCIE","1,892","5.1","Q2","1.11","20.72"%,
"Journal of the Association for Information Science and Technology","J ASSOC INF SCI TECH","WILEY","2330-1635","2330-1643","COMPUTER SCIENCE, INFORMATION SYSTEMS","SCIE","5,710","5.1","Q2","0.63","53.01"%,
"INTERNATIONAL JOURNAL OF MEDICAL INFORMATICS","INT J MED INFORM","ELSEVIER IRELAND LTD","1386-5056","1872-8243","COMPUTER SCIENCE, INFORMATION SYSTEMS","SCIE","12,781","5","Q2","0.98","47.63"%,
"International Journal of Information Security","INT J INF SECUR","SPRINGER","1615-5262","1615-5270","COMPUTER SCIENCE, INFORMATION SYSTEMS","SCIE","3,028","5","Q2","0.96","37.57"%,
"ACM Journal of Data and Information Quality","ACM J DATA INF QUAL","ASSOC COMPUTING MACHINERY","1936-1955","1936-1955","COMPUTER SCIENCE, INFORMATION SYSTEMS","ESCI","658","5","Q2","0.8","31.87"%,
"ACM Transactions on the Web","ACM T WEB","ASSOC COMPUTING MACHINERY","1559-1131","1559-114X","COMPUTER SCIENCE, INFORMATION SYSTEMS","SCIE","1,035","4.9","Q2","1.13","24.03"%,
"IEEE Systems Journal","IEEE SYST J","IEEE-INST ELECTRICAL ELECTRONICS ENGINEERS INC","1932-8184","1937-9234","COMPUTER SCIENCE, INFORMATION SYSTEMS","SCIE","14,747","4.9","Q2","0.95","1.98"%,
"Proceedings of the ACM on Human Computer Interaction","P ACM HUM COMPUT INT","ASSOC COMPUTING MACHINERY","N/A","2573-0142","COMPUTER SCIENCE, INFORMATION SYSTEMS","ESCI","10,534","4.9","Q2","0.85","49.17"%,
"IEEE Transactions on Emerging Topics in Computing","IEEE T EMERG TOP COM","IEEE-INST ELECTRICAL ELECTRONICS ENGINEERS INC","2168-6750","2168-6750","COMPUTER SCIENCE, INFORMATION SYSTEMS","SCIE","3,413","4.8","Q2","1.28","6.99"%,
"Journal of Sensor and Actuator Networks","J SENS ACTUAT NETW","MDPI","N/A","2224-2708","COMPUTER SCIENCE, INFORMATION SYSTEMS","ESCI","2,067","4.8","Q2","0.86","100"%,
"Computer Networks","COMPUT NETW","ELSEVIER","1389-1286","1872-7069","COMPUTER SCIENCE, INFORMATION SYSTEMS","SCIE","18,130","4.7","Q2","0.99","19.62"%,
"ACM Transactions on Sensor Networks","ACM T SENSOR NETWORK","ASSOC COMPUTING MACHINERY","1550-4859","1550-4867","COMPUTER SCIENCE, INFORMATION SYSTEMS","SCIE","2,369","4.7","Q2","0.96","10.49"%,
"International Journal of Critical Infrastructure Protection","INT J CRIT INFR PROT","ELSEVIER","1874-5482","2212-2087","COMPUTER SCIENCE, INFORMATION SYSTEMS","SCIE","1,568","4.6","Q2","1.27","34.13"%,
"Journal of Healthcare Informatics Research","J HEALTHC INFORM RES","SPRINGERNATURE","2509-4971","2509-498X","COMPUTER SCIENCE, INFORMATION SYSTEMS","ESCI","919","4.6","Q2","1.1","54.81"%,
"ICT Express","ICT EXPRESS","ELSEVIER","2405-9595","2405-9595","COMPUTER SCIENCE, INFORMATION SYSTEMS","SCIE","2,995","4.6","Q2","1.07","100"%,
"INFORMATION AND SOFTWARE TECHNOLOGY","INFORM SOFTWARE TECH","ELSEVIER","0950-5849","1873-6025","COMPUTER SCIENCE, INFORMATION SYSTEMS","SCIE","8,598","4.6","Q2","1.03","40.14"%,
"IEEE Transactions on Computational Social Systems","IEEE T COMPUT SOC SY","IEEE-INST ELECTRICAL ELECTRONICS ENGINEERS INC","2329-924X","2329-924X","COMPUTER SCIENCE, INFORMATION SYSTEMS","SCIE","8,628","4.6","Q2","0.97","2.7"%,
"Big Data Research","BIG DATA RES","ELSEVIER","2214-5796","2214-5796","COMPUTER SCIENCE, INFORMATION SYSTEMS","SCIE","1,302","4.6","Q2","0.85","22.4"%,
"Future Internet","FUTURE INTERNET","MDPI","1999-5903","1999-5903","COMPUTER SCIENCE, INFORMATION SYSTEMS","ESCI","8,975","4.6","Q2","0.78","99.93"%,
"Applied Computing and Informatics","APPL COMPUT INFORM","EMERALD GROUP PUBLISHING LTD","2634-1964","2210-8327","COMPUTER SCIENCE, INFORMATION SYSTEMS","ESCI","1,025","4.5","Q2","1.76","100"%,
"WORLD WIDE WEB-INTERNET AND WEB INFORMATION SYSTEMS","WORLD WIDE WEB","SPRINGER","1386-145X","1573-1413","COMPUTER SCIENCE, INFORMATION SYSTEMS","SCIE","2,724","4.5","Q2","1.07","17.7"%,
"International Journal of Software Science and Computational Intelligence-IJSSCI","INT J SOFTW SCI COMP","IGI GLOBAL","1942-9045","1942-9037","COMPUTER SCIENCE, INFORMATION SYSTEMS","ESCI","178","4.5","Q2","0.65","100"%,
"Foundations and Trends in Information Retrieval","FOUND TRENDS INF RET","NOW PUBLISHERS INC","1554-0669","1554-0677","COMPUTER SCIENCE, INFORMATION SYSTEMS","SCIE","894","4.4","Q2","2.01","7.69"%,
"Journal of Metaverse","J METAVERSE","Izmir Akademi Dernegi - Izmir Acad Assoc","N/A","2792-0232","COMPUTER SCIENCE, INFORMATION SYSTEMS","ESCI","332","4.4","Q2","1.52","100"%,
"Visual Informatics","VIS INFORM","ELSEVIER","2468-502X","2468-502X","COMPUTER SCIENCE, INFORMATION SYSTEMS","ESCI","843","4.4","Q2","0.97","100"%,
"Journal of Information Security and Applications","J INF SECUR APPL","ELSEVIER","2214-2126","2214-2134","COMPUTER SCIENCE, INFORMATION SYSTEMS","SCIE","5,635","4.4","Q2","0.96","17.82"%,
"ACM Transactions on Internet of Things","ACM T INTERNET THING","ASSOC COMPUTING MACHINERY","2691-1914","2577-6207","COMPUTER SCIENCE, INFORMATION SYSTEMS","ESCI","612","4.3","Q2","0.81","25.97"%,
"Information","INFORMATION","MDPI","N/A","2078-2489","COMPUTER SCIENCE, INFORMATION SYSTEMS","ESCI","15,076","4.3","Q2","0.78","99.96"%,
"Egyptian Informatics Journal","EGYPT INFORM J","CAIRO UNIV, FAC COMPUTERS & INFORMATION","1110-8665","2090-4754","COMPUTER SCIENCE, INFORMATION SYSTEMS","SCIE","1,932","4.2","Q2","0.97","99.51"%,
"COMPUTER COMMUNICATIONS","COMPUT COMMUN","ELSEVIER","0140-3664","1873-703X","COMPUTER SCIENCE, INFORMATION SYSTEMS","SCIE","11,120","4.2","Q2","0.89","22.75"%,
"IEEE Access","IEEE ACCESS","IEEE-INST ELECTRICAL ELECTRONICS ENGINEERS INC","2169-3536","2169-3536","COMPUTER SCIENCE, INFORMATION SYSTEMS","SCIE","355,631","4.2","Q2","0.82","99.97"%,
"Data Science and Engineering","DATA SCI ENG","SPRINGERNATURE","2364-1185","2364-1541","COMPUTER SCIENCE, INFORMATION SYSTEMS","ESCI","936","4.1","Q2","0.94","100"%,
"Cybersecurity","CYBERSECURITY","SPRINGERNATURE","2523-3246","2523-3246","COMPUTER SCIENCE, INFORMATION SYSTEMS","ESCI","1,584","4.1","Q2","0.86","99.61"%,
"ACM Transactions on Privacy and Security","ACM T PRIV SECUR","ASSOC COMPUTING MACHINERY","2471-2566","2471-2574","COMPUTER SCIENCE, INFORMATION SYSTEMS","SCIE","994","4","Q2","1.04","25.36"%,
"INFORMATION SYSTEMS","INFORM SYST","PERGAMON-ELSEVIER SCIENCE LTD","0306-4379","1873-6076","COMPUTER SCIENCE, INFORMATION SYSTEMS","SCIE","3,725","4","Q2","0.87","40.75"%,
"Journal of Grid Computing","J GRID COMPUT","SPRINGER","1570-7873","1572-9184","COMPUTER SCIENCE, INFORMATION SYSTEMS","SCIE","1,407","3.9","Q2","0.88","15.68"%,
"Pervasive and Mobile Computing","PERVASIVE MOB COMPUT","ELSEVIER","1574-1192","1873-1589","COMPUTER SCIENCE, INFORMATION SYSTEMS","SCIE","2,220","3.9","Q2","0.79","29.21"%,
"DATA & KNOWLEDGE ENGINEERING","DATA KNOWL ENG","ELSEVIER","0169-023X","1872-6933","COMPUTER SCIENCE, INFORMATION SYSTEMS","SCIE","2,129","3.9","Q2","0.65","35.08"%,
"ONLINE INFORMATION REVIEW","ONLINE INFORM REV","EMERALD GROUP PUBLISHING LTD","1468-4527","1468-4535","COMPUTER SCIENCE, INFORMATION SYSTEMS","SCIE","3,149","3.8","Q2","0.96","5.61"%,
"Proceedings of the VLDB Endowment","PROC VLDB ENDOW","ASSOC COMPUTING MACHINERY","2150-8097","2150-8097","COMPUTER SCIENCE, INFORMATION SYSTEMS","SCIE","14,073","3.8","Q2","0.85","0"%,
"Journal of Cybersecurity and Privacy","J CYBERSECUR PRIV","MDPI","N/A","2624-800X","COMPUTER SCIENCE, INFORMATION SYSTEMS","ESCI","789","3.8","Q2","0.6","100"%,
"Frontiers in Big Data","FRONT BIG DATA","FRONTIERS MEDIA SA","N/A","2624-909X","COMPUTER SCIENCE, INFORMATION SYSTEMS","ESCI","2,258","3.8","Q2","0.52","100"%,
"Network","NETWORK-BASEL","MDPI","N/A","2673-8732","COMPUTER SCIENCE, INFORMATION SYSTEMS","ESCI","395","3.7","Q2","0.59","99.09"%,
"Online Social Networks and Media","ONLINE SOC NETW MED","ELSEVIER","N/A","2468-6964","COMPUTER SCIENCE, INFORMATION SYSTEMS","ESCI","584","3.6","Q2","1.14","53.95"%,
"Journal of Network and Systems Management","J NETW SYST MANAG","SPRINGER","1064-7570","1573-7705","COMPUTER SCIENCE, INFORMATION SYSTEMS","SCIE","1,613","3.6","Q2","0.91","20.13"%,
"Big Earth Data","BIG EARTH DATA","TAYLOR & FRANCIS LTD","2096-4471","2574-5417","COMPUTER SCIENCE, INFORMATION SYSTEMS","ESCI","966","3.6","Q2","0.86","100"%,
"Enterprise Information Systems","ENTERP INF SYST-UK","TAYLOR & FRANCIS LTD","1751-7575","1751-7583","COMPUTER SCIENCE, INFORMATION SYSTEMS","SCIE","1,795","3.6","Q2","0.84","10.96"%,
"KNOWLEDGE AND INFORMATION SYSTEMS","KNOWL INF SYST","SPRINGER LONDON LTD","0219-1377","0219-3116","COMPUTER SCIENCE, INFORMATION SYSTEMS","SCIE","6,941","3.6","Q2","0.59","16.28"%,
"Aslib Journal of Information Management","ASLIB J INFORM MANAG","EMERALD GROUP PUBLISHING LTD","2050-3806","1758-3748","COMPUTER SCIENCE, INFORMATION SYSTEMS","SCIE","1,812","3.5","Q2","0.86","3.2"%,
"Data Intelligence","DATA INTELLIGENCE","Chinese Acad Sciences, National Science Library","N/A","2641-435X","COMPUTER SCIENCE, INFORMATION SYSTEMS","ESCI","857","3.5","Q2","0.64","99.33"%,
"JOURNAL OF INTELLIGENT INFORMATION SYSTEMS","J INTELL INF SYST","SPRINGER","0925-9902","1573-7675","COMPUTER SCIENCE, INFORMATION SYSTEMS","SCIE","1,927","3.5","Q2","0.64","24.17"%,
"ACM SIGCOMM Computer Communication Review","ACM SIGCOMM COMP COM","ASSOC COMPUTING MACHINERY","0146-4833","1943-5819","COMPUTER SCIENCE, INFORMATION SYSTEMS","SCIE","5,357","3.5","Q2","0.62","0"%,
"Proceedings of the ACM on Measurement and Analysis of Computing Systems","P ACM MEAS ANAL COMP","ASSOC COMPUTING MACHINERY","N/A","2476-1249","COMPUTER SCIENCE, INFORMATION SYSTEMS","ESCI","1,296","3.4","Q2","0.77","39.87"%,
"Applied System Innovation","APPL SYST INNOV","MDPI","N/A","2571-5577","COMPUTER SCIENCE, INFORMATION SYSTEMS","ESCI","2,531","3.4","Q2","0.74","100"%,
"IET Smart Cities","IET SMART CITIES","WILEY","N/A","2631-7680","COMPUTER SCIENCE, INFORMATION SYSTEMS","ESCI","404","3.4","Q2","0.6","100"%,
"REQUIREMENTS ENGINEERING","REQUIR ENG","SPRINGER","0947-3602","1432-010X","COMPUTER SCIENCE, INFORMATION SYSTEMS","SCIE","879","3.3","Q2","0.86","54.55"%,
"IEEE Networking Letters","IEEE NETW LETT","IEEE-INST ELECTRICAL ELECTRONICS ENGINEERS INC","N/A","2576-3156","COMPUTER SCIENCE, INFORMATION SYSTEMS","ESCI","817","3.3","Q2","0.51","10"%,
"Multimodal Technologies and Interaction","MULTIMODAL TECHNOLOG","MDPI","N/A","2414-4088","COMPUTER SCIENCE, INFORMATION SYSTEMS","ESCI","2,453","3.3","Q2","0.51","99.43"%,
"INFORMATICA","INFORMATICA-LITHUAN","VILNIUS UNIV PRESS","0868-4952","1822-8844","COMPUTER SCIENCE, INFORMATION SYSTEMS","SCIE","1,119","3.2","Q2","0.75","100"%,
"Journal of Web Semantics","J WEB SEMANT","ELSEVIER","1570-8268","1873-7749","COMPUTER SCIENCE, INFORMATION SYSTEMS","SCIE","1,116","3.2","Q2","0.73","78.33"%,
"ISPRS International Journal of Geo-Information","ISPRS INT J GEO-INF","MDPI","N/A","2220-9964","COMPUTER SCIENCE, INFORMATION SYSTEMS","SCIE","16,720","3.2","Q2","0.66","99.93"%,
"Peer-to-Peer Networking and Applications","PEER PEER NETW APPL","SPRINGER","1936-6442","1936-6450","COMPUTER SCIENCE, INFORMATION SYSTEMS","SCIE","3,641","3.2","Q2","0.65","3.02"%,
"Social Network Analysis and Mining","SOC NETW ANAL MIN","SPRINGER WIEN","1869-5450","1869-5469","COMPUTER SCIENCE, INFORMATION SYSTEMS","ESCI","3,301","3.2","Q2","0.63","44.49"%,
"International Journal of Fuzzy Systems","INT J FUZZY SYST","SPRINGER HEIDELBERG","1562-2479","2199-3211","COMPUTER SCIENCE, INFORMATION SYSTEMS","SCIE","4,300","3.1","Q3","0.64","7.77"%,
"Digital Threats: Research and Practice","DIGIT THREATS","ASSOC COMPUTING MACHINERY","2692-1626","2576-5337","COMPUTER SCIENCE, INFORMATION SYSTEMS","ESCI","579","3.1","Q3","0.61","100"%,
"Forensic Science International-Digital Investigation","FORENS SCI INT-DIGIT","ELSEVIER SCI LTD","N/A","2666-2817","COMPUTER SCIENCE, INFORMATION SYSTEMS","SCIE","1,154","3.1","Q3","0.61","72.18"%,
"Frontiers in Blockchain","FRONT BLOCKCHAIN","FRONTIERS MEDIA SA","2624-7852","2624-7852","COMPUTER SCIENCE, INFORMATION SYSTEMS","ESCI","751","3.1","Q3","0.44","100"%,
"JOURNAL OF THE ACM","J ACM","ASSOC COMPUTING MACHINERY","0004-5411","1557-735X","COMPUTER SCIENCE, INFORMATION SYSTEMS","SCIE","9,140","3","Q3","0.77","41.73"%,
"IEEE MULTIMEDIA","IEEE MULTIMEDIA","IEEE COMPUTER SOC","1070-986X","1941-0166","COMPUTER SCIENCE, INFORMATION SYSTEMS","SCIE","1,267","3","Q3","0.72","0.9"%,
"INFORMATION SYSTEMS MANAGEMENT","INFORM SYST MANAGE","TAYLOR & FRANCIS INC","1058-0530","1934-8703","COMPUTER SCIENCE, INFORMATION SYSTEMS","SCIE","1,335","3","Q3","0.66","21.31"%,
"JOURNAL OF COMMUNICATIONS AND NETWORKS","J COMMUN NETW-S KOR","KOREAN INST COMMUNICATIONS SCIENCES (K I C S)","1229-2370","1976-5541","COMPUTER SCIENCE, INFORMATION SYSTEMS","SCIE","1,282","3","Q3","0.64","98.66"%,
"Human-centric Computing and Information Sciences","HUM-CENT COMPUT INFO","Korea Computer Industry Assoc-KCIA","N/A","2192-1962","COMPUTER SCIENCE, INFORMATION SYSTEMS","SCIE","1,465","2.9","Q3","0.68","0"%,
"IEEE SECURITY & PRIVACY","IEEE SECUR PRIV","IEEE COMPUTER SOC","1540-7993","1558-4046","COMPUTER SCIENCE, INFORMATION SYSTEMS","SCIE","2,492","2.9","Q3","0.65","17.2"%,
"Electronics","ELECTRONICS-SWITZ","MDPI","2079-9292","2079-9292","COMPUTER SCIENCE, INFORMATION SYSTEMS","SCIE","63,692","2.9","Q3","0.57","99.95"%,
"PeerJ Computer Science","PEERJ COMPUT SCI","PEERJ INC","N/A","2376-5992","COMPUTER SCIENCE, INFORMATION SYSTEMS","SCIE","10,313","2.9","Q3","0.57","99.54"%,
"International Journal of Data Science and Analytics","INT J DATA SCI ANAL","SPRINGERNATURE","2364-415X","2364-4168","COMPUTER SCIENCE, INFORMATION SYSTEMS","ESCI","2,301","2.9","Q3","0.49","28.3"%,
"Security and Privacy","SECUR PRIVACY","WILEY","2475-6725","2475-6725","COMPUTER SCIENCE, INFORMATION SYSTEMS","ESCI","1,148","2.9","Q3","0.49","12.16"%,
"JOURNAL OF VISUAL COMMUNICATION AND IMAGE REPRESENTATION","J VIS COMMUN IMAGE R","ACADEMIC PRESS INC ELSEVIER SCIENCE","1047-3203","1095-9076","COMPUTER SCIENCE, INFORMATION SYSTEMS","SCIE","5,796","2.8","Q3","0.73","7.07"%,
"MULTIMEDIA SYSTEMS","MULTIMEDIA SYST","SPRINGER","0942-4962","1432-1882","COMPUTER SCIENCE, INFORMATION SYSTEMS","SCIE","4,036","2.8","Q3","0.7","4.2"%,
"Information Retrieval Journal","INFORM RETRIEVAL J","SPRINGER","1386-4564","1573-7659","COMPUTER SCIENCE, INFORMATION SYSTEMS","SCIE","1,039","2.8","Q3","0.49","21.43"%,
"Journal of Computer Virology and Hacking Techniques","J COMPUT VIROL HACKI","SPRINGER FRANCE","2263-8733","2263-8733","COMPUTER SCIENCE, INFORMATION SYSTEMS","ESCI","800","2.7","Q3","0.58","15.97"%,
"Information and Computer Security","INF COMPUT SECUR","EMERALD GROUP PUBLISHING LTD","2056-4961","2056-4961","COMPUTER SCIENCE, INFORMATION SYSTEMS","ESCI","901","2.7","Q3","0.52","17.69"%,
"INFORMATION TECHNOLOGY AND LIBRARIES","INFORM TECHNOL LIBR","AMER LIBRARY ASSOC","0730-9295","2163-5226","COMPUTER SCIENCE, INFORMATION SYSTEMS","SCIE","472","2.7","Q3","0.43","98.51"%,
"IEEE TRANSACTIONS ON INFORMATION THEORY","IEEE T INFORM THEORY","IEEE-INST ELECTRICAL ELECTRONICS ENGINEERS INC","0018-9448","1557-9654","COMPUTER SCIENCE, INFORMATION SYSTEMS","SCIE","38,992","2.6","Q3","0.94","5.46"%,
"Semantic Web","SEMANT WEB","SAGE PUBLICATIONS INC","1570-0844","2210-4968","COMPUTER SCIENCE, INFORMATION SYSTEMS","SCIE","1,631","2.6","Q3","0.66","99.39"%,
"JOURNAL OF INFORMATION SCIENCE","J INF SCI","SAGE PUBLICATIONS LTD","0165-5515","1741-6485","COMPUTER SCIENCE, INFORMATION SYSTEMS","SCIE","3,346","2.6","Q3","0.51","14.34"%,
"Communications of the Association for Information Systems","COMMUN ASSOC INF SYS","ASSOC INFORMATION SYSTEMS","1529-3181","1529-3181","COMPUTER SCIENCE, INFORMATION SYSTEMS","ESCI","3,851","2.6","Q3","0.5","2.41"%,
"GEOINFORMATICA","GEOINFORMATICA","SPRINGER","1384-6175","1573-7624","COMPUTER SCIENCE, INFORMATION SYSTEMS","SCIE","879","2.5","Q3","0.59","24.66"%,
"WIRELESS NETWORKS","WIREL NETW","SPRINGER","1022-0038","1572-8196","COMPUTER SCIENCE, INFORMATION SYSTEMS","SCIE","5,447","2.5","Q3","0.53","7.08"%,
"International Journal of Network Management","INT J NETW MANAG","WILEY","1055-7148","1099-1190","COMPUTER SCIENCE, INFORMATION SYSTEMS","SCIE","588","2.5","Q3","0.48","25"%,
"METHODS OF INFORMATION IN MEDICINE","METHOD INFORM MED","GEORG THIEME VERLAG KG","0026-1270","2511-705X","COMPUTER SCIENCE, INFORMATION SYSTEMS","SCIE","1,493","2.4","Q3","0.6","69.57"%,
"Cryptography","CRYPTOGRAPHY-BASEL","MDPI","N/A","2410-387X","COMPUTER SCIENCE, INFORMATION SYSTEMS","ESCI","827","2.4","Q3","0.55","99.5"%,
"Data","DATA-BASEL","MDPI","N/A","2306-5729","COMPUTER SCIENCE, INFORMATION SYSTEMS","ESCI","2,752","2.4","Q3","0.53","100"%,
"CMC-Computers Materials & Continua","CMC-COMPUT MATER CON","TECH SCIENCE PRESS","1546-2218","1546-2226","COMPUTER SCIENCE, INFORMATION SYSTEMS","SCIE","11,168","2.4","Q3","0.45","99.83"%,
"IEEE Journal on Selected Areas in Information Theory","IEEE J SEL AREAS INF","IEEE-INST ELECTRICAL ELECTRONICS ENGINEERS INC","N/A","2641-8770","COMPUTER SCIENCE, INFORMATION SYSTEMS","ESCI","1,223","2.3","Q3","0.6","3.52"%,
"IT Professional","IT PROF","IEEE COMPUTER SOC","1520-9202","1941-045X","COMPUTER SCIENCE, INFORMATION SYSTEMS","SCIE","1,321","2.2","Q3","0.5","5.05"%,
"JOURNAL OF ORGANIZATIONAL COMPUTING AND ELECTRONIC COMMERCE","J ORG COMP ELECT COM","TAYLOR & FRANCIS INC","1091-9392","1532-7744","COMPUTER SCIENCE, INFORMATION SYSTEMS","SCIE","612","2.2","Q3","0.49","8.77"%,
"Distributed Ledger Technologies: Research and Practice","DISTRIB LEDGE TECH R","ASSOC COMPUTING MACHINERY","N/A","2769-6480","COMPUTER SCIENCE, INFORMATION SYSTEMS","ESCI","167","2.2","Q3","0.38","17.05"%,
"INFOR","INFOR","TAYLOR & FRANCIS INC","0315-5986","1916-0615","COMPUTER SCIENCE, INFORMATION SYSTEMS","SCIE","691","2.2","Q3","0.36","3.06"%,
"EURASIP Journal on Information Security","EURASIP J INF SECUR","SPRINGER INT PUBL AG","2510-523X","2510-523X","COMPUTER SCIENCE, INFORMATION SYSTEMS","ESCI","528","2.1","Q3","0.53","100"%,
"Journal of Information and Telecommunication","J INFORM TELECOMMUN","TAYLOR & FRANCIS LTD","2475-1839","2475-1847","COMPUTER SCIENCE, INFORMATION SYSTEMS","ESCI","445","2.1","Q3","0.39","100"%,
"Information Security Journal","INF SECUR J","TAYLOR & FRANCIS INC","1939-3555","1939-3547","COMPUTER SCIENCE, INFORMATION SYSTEMS","ESCI","604","2.1","Q3","0.35","9.48"%,
"International Journal of Web Information Systems","INT J WEB INF SYST","EMERALD GROUP PUBLISHING LTD","1744-0084","1744-0092","COMPUTER SCIENCE, INFORMATION SYSTEMS","ESCI","406","2","Q3","0.54","1.18"%,
"International Journal of Distributed Sensor Networks","INT J DISTRIB SENS N","WILEY","1550-1329","1550-1477","COMPUTER SCIENCE, INFORMATION SYSTEMS","SCIE","2,809","2","Q3","0.51","100"%,
"IET Information Security","IET INFORM SECUR","WILEY","1751-8709","1751-8717","COMPUTER SCIENCE, INFORMATION SYSTEMS","SCIE","917","2","Q3","0.47","100"%,
"Journal of Electrical and Computer Engineering","J ELECTR COMPUT ENG","WILEY","2090-0147","2090-0155","COMPUTER SCIENCE, INFORMATION SYSTEMS","ESCI","1,209","2","Q3","0.33","100"%,
"IEEE PERVASIVE COMPUTING","IEEE PERVAS COMPUT","IEEE COMPUTER SOC","1536-1268","1558-2590","COMPUTER SCIENCE, INFORMATION SYSTEMS","SCIE","1,712","1.9","Q3","0.45","14.94"%,
"INTERNATIONAL JOURNAL OF INFORMATION TECHNOLOGY & DECISION MAKING","INT J INF TECH DECIS","WORLD SCIENTIFIC PUBL CO PTE LTD","0219-6220","1793-6845","COMPUTER SCIENCE, INFORMATION SYSTEMS","SCIE","1,448","1.9","Q3","0.4","1.21"%,
"Journal of Business Analytics","J BUS ANAL","TAYLOR & FRANCIS LTD","2573-234X","2573-2358","COMPUTER SCIENCE, INFORMATION SYSTEMS","ESCI","272","1.9","Q3","0.39","11.59"%,
"Information Technology and Control","INF TECHNOL CONTROL","KAUNAS UNIV TECHNOLOGY","1392-124X","1392-124X","COMPUTER SCIENCE, INFORMATION SYSTEMS","SCIE","634","1.9","Q3","0.36","91.98"%,
"Discover Computing","DISCOV COMPUT","SPRINGER","2948-2984","2948-2992","COMPUTER SCIENCE, INFORMATION SYSTEMS","SCIE","318","1.9","Q3","0.35","100"%,
"IET Networks","IET NETW","WILEY","2047-4954","2047-4962","COMPUTER SCIENCE, INFORMATION SYSTEMS","ESCI","467","1.9","Q3","0.35","100"%,
"Journal of Ambient Intelligence and Smart Environments","J AMB INTEL SMART EN","SAGE PUBLICATIONS INC","1876-1364","1876-1372","COMPUTER SCIENCE, INFORMATION SYSTEMS","SCIE","536","1.9","Q3","0.33","7.5"%,
"IET Cyber-Physical Systems: Theory & Applications","IET CYBER PHYS SYST","WILEY","N/A","2398-3396","COMPUTER SCIENCE, INFORMATION SYSTEMS","ESCI","500","1.9","Q3","0.29","100"%,
"International Journal of Computers Communications & Control","INT J COMPUT COMMUN","CCC PUBL-AGORA UNIV","1841-9836","1841-9844","COMPUTER SCIENCE, INFORMATION SYSTEMS","SCIE","963","1.8","Q3","0.42","97.78"%,
"SIGMOD RECORD","SIGMOD REC","ASSOC COMPUTING MACHINERY","0163-5808","1943-5835","COMPUTER SCIENCE, INFORMATION SYSTEMS","SCIE","2,303","1.8","Q3","0.38","4.84"%,
"Applied Computing Review","APPL COMPUT REV","ASSOC COMPUTING MACHINERY","1559-6915","N/A","COMPUTER SCIENCE, INFORMATION SYSTEMS","ESCI","143","1.8","Q3","0.32","18.42"%,
"Journal of Signal Processing Systems for Signal Image and Video Technology","J SIGNAL PROCESS SYS","SPRINGER","1939-8018","1939-8115","COMPUTER SCIENCE, INFORMATION SYSTEMS","SCIE","1,303","1.7","Q3","0.49","25.17"%,
"MOBILE NETWORKS & APPLICATIONS","MOBILE NETW APPL","SPRINGER","1383-469X","1572-8153","COMPUTER SCIENCE, INFORMATION SYSTEMS","SCIE","3,156","1.7","Q3","0.46","6.58"%,
"Cybernetics and Information Technologies","CYBERN INF TECHNOL","INST INFORMATION & COMMUNICATION TECHNOLOGIES-BULGARIAN ACAD SCIENCES","1311-9702","1314-4081","COMPUTER SCIENCE, INFORMATION SYSTEMS","ESCI","652","1.7","Q3","0.34","100"%,
"International Journal of Business Data Communications and Networking","INT J BUS DATA COMMU","IGI GLOBAL","1548-0631","1548-064X","COMPUTER SCIENCE, INFORMATION SYSTEMS","ESCI","55","1.7","Q3","0.33","100"%,
"ACM Transactions on Modeling and Performance Evaluation of Computing Systems","ACM TRANS MODELING P","ASSOC COMPUTING MACHINERY","2376-3639","2376-3647","COMPUTER SCIENCE, INFORMATION SYSTEMS","ESCI","215","1.7","Q3","0.31","32.56"%,
"International Journal of Intelligent Information Technologies","INT J INTELL INF TEC","IGI GLOBAL","1548-3657","1548-3665","COMPUTER SCIENCE, INFORMATION SYSTEMS","ESCI","167","1.7","Q3","0.27","98.18"%,
"Applied Ontology","APPL ONTOL","SAGE PUBLICATIONS INC","1570-5838","1875-8533","COMPUTER SCIENCE, INFORMATION SYSTEMS","SCIE","430","1.6","Q3","0.85","12.24"%,
"ACM TRANSACTIONS ON DATABASE SYSTEMS","ACM T DATABASE SYST","ASSOC COMPUTING MACHINERY","0362-5915","1557-4644","COMPUTER SCIENCE, INFORMATION SYSTEMS","SCIE","1,795","1.6","Q3","0.47","37.21"%,
"COMPUTER JOURNAL","COMPUT J","OXFORD UNIV PRESS","0010-4620","1460-2067","COMPUTER SCIENCE, INFORMATION SYSTEMS","SCIE","5,018","1.6","Q3","0.41","5.37"%,
"Data Technologies and Applications","DATA TECHNOL APPL","EMERALD GROUP PUBLISHING LTD","2514-9288","2514-9318","COMPUTER SCIENCE, INFORMATION SYSTEMS","SCIE","514","1.6","Q3","0.39","0.97"%,
"IEEE Latin America Transactions","IEEE LAT AM T","IEEE-INST ELECTRICAL ELECTRONICS ENGINEERS INC","1548-0992","1548-0992","COMPUTER SCIENCE, INFORMATION SYSTEMS","SCIE","1,954","1.6","Q3","0.37","0.24"%,
"International Journal of Sensor Networks","INT J SENS NETW","INDERSCIENCE ENTERPRISES LTD","1748-1279","1748-1287","COMPUTER SCIENCE, INFORMATION SYSTEMS","SCIE","493","1.6","Q3","0.31","0"%,
"PHOTONIC NETWORK COMMUNICATIONS","PHOTONIC NETW COMMUN","SPRINGER","1387-974X","1572-8188","COMPUTER SCIENCE, INFORMATION SYSTEMS","SCIE","545","1.5","Q4","0.4","6.38"%,
"CCF Transactions on Pervasive Computing and Interaction","CCF T PERVAS COMPUT","SPRINGERNATURE","2524-521X","2524-5228","COMPUTER SCIENCE, INFORMATION SYSTEMS","ESCI","354","1.5","Q4","0.37","8.24"%,
"Review of Socionetwork Strategies","REV SOCIONETWORK STR","SPRINGER JAPAN KK","2523-3173","1867-3236","COMPUTER SCIENCE, INFORMATION SYSTEMS","ESCI","191","1.5","Q4","0.36","25.42"%,
"International Journal of Web Services Research","INT J WEB SERV RES","IGI GLOBAL","1545-7362","1546-5004","COMPUTER SCIENCE, INFORMATION SYSTEMS","SCIE","94","1.5","Q4","0.28","100"%,
"International Journal of Information Technology and Web Engineering","INT J INF TECHNOL WE","IGI GLOBAL","1554-1045","1554-1053","COMPUTER SCIENCE, INFORMATION SYSTEMS","ESCI","119","1.5","Q4","0.26","100"%,
"CCF Transactions on High Performance Computing","CCF T HIGH PERFORM C","SPRINGERNATURE","2524-4922","2524-4930","COMPUTER SCIENCE, INFORMATION SYSTEMS","ESCI","339","1.4","Q4","0.4","13.93"%,
"Computer Science and Information Systems","COMPUT SCI INF SYST","COMSIS CONSORTIUM","1820-0214","2406-1018","COMPUTER SCIENCE, INFORMATION SYSTEMS","SCIE","697","1.4","Q4","0.36","99.59"%,
"Australasian Journal of Information Systems","AUSTRALAS J INF SYST","UNIV CANBERRA, FAC INFORMATION SCIENCES & ENGINEERING","1449-8618","1326-2238","COMPUTER SCIENCE, INFORMATION SYSTEMS","ESCI","740","1.4","Q4","0.31","86.36"%,
"Journal of Information and Communication Technology-Malaysia","J INF COMMUN TECHNOL","UNIV UTARA MALAYSIA PRESS","1675-414X","2180-3862","COMPUTER SCIENCE, INFORMATION SYSTEMS","ESCI","237","1.4","Q4","0.27","94.2"%,
"International Journal of RF Technologies-Research and Applications","INT J RF TECHNOL-RES","SAGE PUBLICATIONS INC","1754-5730","1754-5749","COMPUTER SCIENCE, INFORMATION SYSTEMS","ESCI","89","1.4","Q4","0.26","3.7"%,
"Journal of Cases on Information Technology","J CASES INF TECHNOL","IGI GLOBAL","1548-7717","1548-7725","COMPUTER SCIENCE, INFORMATION SYSTEMS","ESCI","276","1.4","Q4","0.24","100"%,
"Journal of Advances in Information Technology","J ADV INFORM TECHNOL","ENGINEERING & TECHNOLOGY PUBLISHING","1798-2340","1798-2340","COMPUTER SCIENCE, INFORMATION SYSTEMS","ESCI","732","1.3","Q4","0.3","98.92"%,
"International Arab Journal of Information Technology","INT ARAB J INF TECHN","ZARKA PRIVATE UNIV","1683-3198","1683-3198","COMPUTER SCIENCE, INFORMATION SYSTEMS","SCIE","875","1.3","Q4","0.28","99.29"%,
"Journal of Computer Security","J COMPUT SECUR","SAGE PUBLICATIONS INC","0926-227X","1875-8924","COMPUTER SCIENCE, INFORMATION SYSTEMS","ESCI","658","1.3","Q4","0.24","4.69"%,
"International Journal of Enterprise Information Systems","INT J ENTERP INF SYS","IGI GLOBAL","1548-1115","1548-1123","COMPUTER SCIENCE, INFORMATION SYSTEMS","ESCI","184","1.3","Q4","0.14","100"%,
"Journal of Internet Technology","J INTERNET TECHNOL","LIBRARY & INFORMATION CENTER, NAT DONG HWA UNIV","1607-9264","2079-4029","COMPUTER SCIENCE, INFORMATION SYSTEMS","SCIE","947","1.2","Q4","0.28","0"%,
"International Journal of Cartography","INT J CARTOGRAPHY","TAYLOR & FRANCIS LTD","2372-9333","2372-9341","COMPUTER SCIENCE, INFORMATION SYSTEMS","ESCI","333","1.2","Q4","0.25","21.93"%,
"ACTA INFORMATICA","ACTA INFORM","SPRINGER","0001-5903","1432-0525","COMPUTER SCIENCE, INFORMATION SYSTEMS","SCIE","800","1.2","Q4","0.21","39.71"%,
"INTERNATIONAL JOURNAL OF COOPERATIVE INFORMATION SYSTEMS","INT J COOP INF SYST","WORLD SCIENTIFIC PUBL CO PTE LTD","0218-8430","1793-6365","COMPUTER SCIENCE, INFORMATION SYSTEMS","SCIE","153","1.1","Q4","0.35","0"%,
"DISTRIBUTED AND PARALLEL DATABASES","DISTRIB PARALLEL DAT","SPRINGER","0926-8782","1573-7578","COMPUTER SCIENCE, INFORMATION SYSTEMS","SCIE","344","1.1","Q4","0.22","32.35"%,
"JOURNAL OF DATABASE MANAGEMENT","J DATABASE MANAGE","IGI GLOBAL","1063-8016","1533-8010","COMPUTER SCIENCE, INFORMATION SYSTEMS","SCIE","395","1.1","Q4","0.22","98.53"%,
"Journal of Internet Services and Applications","J INTERNET SERV APPL","SOC BRASILEIRA COMPUTACAO","1867-4828","1869-0238","COMPUTER SCIENCE, INFORMATION SYSTEMS","ESCI","420","1.1","Q4","0.22","91.09"%,
"JOURNAL OF HIGH SPEED NETWORKS","J HIGH SPEED NETW","SAGE PUBLICATIONS INC","0926-6801","1875-8940","COMPUTER SCIENCE, INFORMATION SYSTEMS","ESCI","158","1.1","Q4","0.19","1.27"%,
"International Journal of Web and Grid Services","INT J WEB GRID SERV","INDERSCIENCE ENTERPRISES LTD","1741-1106","1741-1114","COMPUTER SCIENCE, INFORMATION SYSTEMS","SCIE","372","1","Q4","0.29","3.28"%,
"KSII Transactions on Internet and Information Systems","KSII T INTERNET INF","KSII-KOR SOC INTERNET INFORMATION","1976-7277","1976-7277","COMPUTER SCIENCE, INFORMATION SYSTEMS","SCIE","1,748","1","Q4","0.23","98.96"%,
"Communications in Mathematical Biology and Neuroscience","COMMUN MATH BIOL NEU","SCIENCE & KNOWLEDGE PUBL CORP LTD","2052-2541","2052-2541","COMPUTER SCIENCE, INFORMATION SYSTEMS","ESCI","635","1","Q4","0.21","99.06"%,
"EAI Endorsed Transactions on Scalable Information Systems","EAI ENDORSED TRANS S","INST COMPUTER SCIENCES, SOCIAL INFORMATICS & TELECOMMUNICATIONS ENG-ICST","2032-9407","2032-9407","COMPUTER SCIENCE, INFORMATION SYSTEMS","ESCI","633","1","Q4","0.19","98.5"%,
"International Journal on Information Technologies and Security","INT J INF TECHNOL SE","UNION SCIENTISTS BULGARIA","1313-8251","1313-8251","COMPUTER SCIENCE, INFORMATION SYSTEMS","ESCI","145","0.9","Q4","0.24","0"%,
"New Review of Hypermedia and Multimedia","NEW REV HYPERMEDIA M","TAYLOR & FRANCIS LTD","1361-4568","1740-7842","COMPUTER SCIENCE, INFORMATION SYSTEMS","SCIE","237","0.9","Q4","0.21","11.54"%,
"JOURNAL OF INFORMATION SCIENCE AND ENGINEERING","J INF SCI ENG","INST INFORMATION SCIENCE","1016-2364","N/A","COMPUTER SCIENCE, INFORMATION SYSTEMS","SCIE","576","0.9","Q4","0.2","0"%,
"TEM Journal-Technology Education Management Informatics","TEM J","UIKTEN - ASSOC INFORMATION COMMUNICATION TECHNOLOGY EDUCATION & SCIENCE","2217-8309","2217-8333","COMPUTER SCIENCE, INFORMATION SYSTEMS","ESCI","1,332","0.9","Q4","0.18","96.58"%,
"International Journal of Information System Modeling and Design","INT J INF SYST MODEL","IGI GLOBAL","1947-8186","1947-8194","COMPUTER SCIENCE, INFORMATION SYSTEMS","ESCI","163","0.9","Q4","0.13","98.28"%,
"Journal of Learning and Teaching in Digital Age","J LEARN TEACH DIGIT","Mehmet Akif Ocak","N/A","2458-8350","COMPUTER SCIENCE, INFORMATION SYSTEMS","ESCI","108","0.8","Q4","0.22","98.51"%,
"IEICE TRANSACTIONS ON INFORMATION AND SYSTEMS","IEICE T INF SYST","IEICE-INST ELECTRONICS INFORMATION COMMUNICATION ENGINEERS","0916-8532","1745-1361","COMPUTER SCIENCE, INFORMATION SYSTEMS","SCIE","2,189","0.8","Q4","0.2","99.66"%,
"International Journal of Information Technologies and Systems Approach","INT J INF TECHNOL SY","IGI GLOBAL","1935-570X","1935-5718","COMPUTER SCIENCE, INFORMATION SYSTEMS","ESCI","179","0.8","Q4","0.19","99.11"%,
"International Journal of Decision Support System Technology","INT J DECIS SUPPORT","IGI GLOBAL","1941-6296","1941-630X","COMPUTER SCIENCE, INFORMATION SYSTEMS","ESCI","141","0.8","Q4","0.18","100"%,
"Vietnam Journal of Computer Science","VIETNAM J COMPUT SCI","WORLD SCIENTIFIC PUBL CO PTE LTD","2196-8888","2196-8896","COMPUTER SCIENCE, INFORMATION SYSTEMS","ESCI","201","0.8","Q4","0.18","100"%,
"Communications in Information and Systems","COMMUN INF SYST","INT PRESS BOSTON, INC","1526-7555","2163-4548","COMPUTER SCIENCE, INFORMATION SYSTEMS","ESCI","376","0.8","Q4","0.16","0"%,
"Jordan Journal of Electrical Engineering","JORDAN J ELECTR ENG","TAFILA TECHNICAL UNIV (TTU)","2409-9600","2409-9619","COMPUTER SCIENCE, INFORMATION SYSTEMS","ESCI","107","0.8","Q4","0.15","8.94"%,
"Computacion y Sistemas","COMPUT SIST","Inst Politecnico Nacional IPN, Centro Investigacion Computacion","1405-5546","2007-9737","COMPUTER SCIENCE, INFORMATION SYSTEMS","ESCI","565","0.8","Q4","0.12","0"%,
"International Journal of Ad Hoc and Ubiquitous Computing","INT J AD HOC UBIQ CO","INDERSCIENCE ENTERPRISES LTD","1743-8225","1743-8233","COMPUTER SCIENCE, INFORMATION SYSTEMS","SCIE","283","0.7","Q4","0.26","0"%,
"IT-Information Technology","IT-INF TECHNOL","WALTER DE GRUYTER GMBH","1611-2776","2196-7032","COMPUTER SCIENCE, INFORMATION SYSTEMS","ESCI","307","0.7","Q4","0.26","31.91"%,
"Jordanian Journal of Computers and Information Technology","JORDAN J COMPUT INFO","Princess Sumaya Univ & SRSF","2413-9351","2415-1076","COMPUTER SCIENCE, INFORMATION SYSTEMS","ESCI","213","0.7","Q4","0.22","11.11"%,
"Journal of Communications Software and Systems","J COMMUN SOFTW SYS","CROATIAN COMMUNICATIONS & INFORMATION SOC","1845-6421","1846-6079","COMPUTER SCIENCE, INFORMATION SYSTEMS","ESCI","181","0.7","Q4","0.17","100"%,
"ISeCure-ISC International Journal of Information Security","ISECURE-ISC INT J IN","IRANIAN SOC CRYPTOLOGY","2008-2045","2008-3076","COMPUTER SCIENCE, INFORMATION SYSTEMS","ESCI","86","0.7","Q4","0.15","0"%,
"African Journal of Information Systems","AFR J INF SYST","KENNESAW STATE UNIV","1936-0282","1936-0282","COMPUTER SCIENCE, INFORMATION SYSTEMS","ESCI","89","0.7","Q4","0.13","0"%,
"International Journal of Distributed Systems and Technologies","INT J DISTRIB SYST T","IGI GLOBAL","1947-3532","1947-3540","COMPUTER SCIENCE, INFORMATION SYSTEMS","ESCI","73","0.7","Q4","0.12","100"%,
"INFORMATION PROCESSING LETTERS","INFORM PROCESS LETT","ELSEVIER","0020-0190","1872-6119","COMPUTER SCIENCE, INFORMATION SYSTEMS","SCIE","3,686","0.6","Q4","0.17","28.09"%,
"Journal of ICT Research and Applications","J ICT RES APPL","ITB JOURNAL PUBL","2337-5787","2338-5499","COMPUTER SCIENCE, INFORMATION SYSTEMS","ESCI","92","0.6","Q4","0.16","97.87"%,
"International Journal of Information and Computer Security","INT J INF COMPUT SEC","INDERSCIENCE ENTERPRISES LTD","1744-1765","1744-1773","COMPUTER SCIENCE, INFORMATION SYSTEMS","ESCI","196","0.6","Q4","0.14","1.17"%,
"IEICE TRANSACTIONS ON FUNDAMENTALS OF ELECTRONICS COMMUNICATIONS AND COMPUTER SCIENCES","IEICE T FUND ELECTR","IEICE-INST ELECTRONICS INFORMATION COMMUNICATION ENGINEERS","0916-8508","1745-1337","COMPUTER SCIENCE, INFORMATION SYSTEMS","SCIE","1,304","0.6","Q4","0.11","0.88"%,
"International Journal of Autonomous and Adaptive Communications Systems","INT J AUTON ADAPT CO","INDERSCIENCE ENTERPRISES LTD","1754-8632","1754-8640","COMPUTER SCIENCE, INFORMATION SYSTEMS","ESCI","113","0.6","Q4","0.11","1.02"%,
"Journal of Information Assurance and Security","J INF ASSUR SECUR","Paradigm Publishing Services-De Gruyter Brill Sp Zoo","1554-1010","1554-1029","COMPUTER SCIENCE, INFORMATION SYSTEMS","ESCI","85","0.6","Q4","0.11","60"%,
"Acta Infologica","ACTA INFOLOGICA","ISTANBUL UNIV","N/A","2602-3563","COMPUTER SCIENCE, INFORMATION SYSTEMS","ESCI","69","0.6","Q4","0.1","98.89"%,
"International Journal of e-Collaboration","INT J E-COLLAB","IGI GLOBAL","1548-3673","1548-3681","COMPUTER SCIENCE, INFORMATION SYSTEMS","ESCI","2,311","0.6","Q4","0.1","98.73"%,
"International Journal of Communication Networks and Distributed Systems","INT J COMMUN NETW DI","INDERSCIENCE ENTERPRISES LTD","1754-3916","1754-3924","COMPUTER SCIENCE, INFORMATION SYSTEMS","ESCI","150","0.5","Q4","0.18","1.15"%,
"International Journal of Grid and Utility Computing","INT J GRID UTIL COMP","INDERSCIENCE ENTERPRISES LTD","1741-847X","1741-8488","COMPUTER SCIENCE, INFORMATION SYSTEMS","ESCI","155","0.5","Q4","0.13","0.67"%,
"International Journal of Information Retrieval Research","INT J INF RETR RES","IGI GLOBAL","2155-6377","2155-6385","COMPUTER SCIENCE, INFORMATION SYSTEMS","ESCI","81","0.5","Q4","0.13","100"%,
"International Journal of Electronic Security and Digital Forensics","INT J ELECTRON SECUR","INDERSCIENCE ENTERPRISES LTD","1751-911X","1751-9128","COMPUTER SCIENCE, INFORMATION SYSTEMS","ESCI","158","0.5","Q4","0.11","0"%,
"Journal of Information Processing Systems","J INF PROCESS SYST","Korea Information Processing Soc","1976-913X","2092-805X","COMPUTER SCIENCE, INFORMATION SYSTEMS","ESCI","576","0.5","Q4","0.11","0"%,
"Ad Hoc & Sensor Wireless Networks","AD HOC SENS WIREL NE","OLD CITY PUBLISHING INC","1551-9899","1552-0633","COMPUTER SCIENCE, INFORMATION SYSTEMS","SCIE","148","0.4","Q4","0.12","0"%,
"AUTOMATIC DOCUMENTATION AND MATHEMATICAL LINGUISTICS","AUTOMAT DOC MATH LIN","PLEIADES PUBLISHING LTD","0005-1055","1934-8371","COMPUTER SCIENCE, INFORMATION SYSTEMS","ESCI","124","0.4","Q4","0.11","0.46"%,
"IPSI Transactions on Internet Research","IPSI TRANS INTER RES","IPSI BELGRADE LTD","1820-4503","1820-4503","COMPUTER SCIENCE, INFORMATION SYSTEMS","ESCI","46","0.3","Q4","0.07","1.69"%,
"INFORMATION-WISSENSCHAFT UND PRAXIS","INFORM-WISS PRAX","WALTER DE GRUYTER GMBH","1434-4653","1619-4292","COMPUTER SCIENCE, INFORMATION SYSTEMS","ESCI","46","0.2","Q4","0.02","2.67"%,
"International Journal of Internet Protocol Technology","INT J INTERNET PROTO","INDERSCIENCE ENTERPRISES LTD","1743-8209","1743-8217","COMPUTER SCIENCE, INFORMATION SYSTEMS","ESCI","44","0.1","Q4","0.03","0"%,
"International Journal of Information Systems in the Service Sector","INT J INF SYST SERV","IGI GLOBAL","1935-5688","1935-5696","COMPUTER SCIENCE, INFORMATION SYSTEMS","ESCI","79","<0.1","Q4","0.18","100"%,

Copyright (c) 2026 Clarivate 
By exporting the selected data; you agree to the data usage policy set forth in the Terms of Use 
